Workbook

Sheet CS4.1 sample data
A1: Software Name | B1: Critical Vulnerabilities | C1: High Vulnerabilities | D1: Lines of code | E1: Critical/x LoC | F1: High/x LoC
A2: Development Portal | B2: =RANDBETWEEN(0,10) -> 8 | C2: =RANDBETWEEN(0,10) -> 7 | D2: 10000 | E2: =$B2/($D2/constants!$A$2) -> 8 | F2: =$C2/($D2/constants!$A$2) -> 7
A3: Loan Library | B3: =RANDBETWEEN(0,10) -> 5 | C3: =RANDBETWEEN(0,10) -> 5 | D3: 15000 | E3: =$B3/($D3/constants!$A$2) -> 3.3333333 | F3: =$C3/($D3/constants!$A$2) -> 3.3333333
A4: Lending Portal | B4: =RANDBETWEEN(0,10) -> 2 | C4: =RANDBETWEEN(0,10) -> 1 | D4: 30000 | E4: =$B4/($D4/constants!$A$2) -> 0.66666667 | F4: =$C4/($D4/constants!$A$2) -> 0.33333333
A5: Rapid Cash | B5: =RANDBETWEEN(0,10) -> 1 | C5: =RANDBETWEEN(0,10) -> 4 | D5: 20000 | E5: =$B5/($D5/constants!$A$2) -> 0.5 | F5: =$C5/($D5/constants!$A$2) -> 2
A6: Flowvy | B6: =RANDBETWEEN(0,10) -> 3 | C6: =RANDBETWEEN(0,10) -> 9 | D6: 100000 | E6: =$B6/($D6/constants!$A$2) -> 0.3 | F6: =$C6/($D6/constants!$A$2) -> 0.9
A7: Pocket Bucks | B7: =RANDBETWEEN(0,10) -> 3 | C7: =RANDBETWEEN(0,10) -> 1 | D7: 200000 | E7: =$B7/($D7/constants!$A$2) -> 0.15 | F7: =$C7/($D7/constants!$A$2) -> 0.05
A8: Lendex | B8: =RANDBETWEEN(0,10) -> 10 | C8: =RANDBETWEEN(0,10) -> 4 | D8: 300000 | E8: =$B8/($D8/constants!$A$2) -> 0.33333333 | F8: =$C8/($D8/constants!$A$2) -> 0.13333333
A9: Quicky Loans | B9: =RANDBETWEEN(0,10) -> 0 | C9: =RANDBETWEEN(0,10) -> 8 | D9: 500000 | E9: =$B9/($D9/constants!$A$2) -> 0 | F9: =$C9/($D9/constants!$A$2) -> 0.16

Sheet constants
A1: LoC ratio
A2: 10000
